{"epoch": 199, "train_loss": 1.7230662107467651, "lr": 2.467198171342e-07, "epoch_time": 2.715338945388794, "_timestamp": 1760142569.4094431, "_runtime": 454.9055631160736, "_step": 199, "val_loss": 0, "val_acc": 19.017845153808594, "_wandb": {"runtime": 454}}