{"epoch": 15, "train_loss": 2.548710346221924, "val_loss": 0, "val_acc": 19.09073829650879, "lr": 3.806023374435663e-05, "epoch_time": 3.897181987762451, "_timestamp": 1760142644.1175103, "_runtime": 61.75628638267517, "_step": 15, "_wandb": {"runtime": 61}}