{"epoch": 15, "train_loss": 1.4371055364608765, "val_loss": 0, "val_acc": 4.746987819671631, "lr": 3.806023374435663e-05, "epoch_time": 0.8964521884918213, "_timestamp": 1760142079.1545177, "_runtime": 11.791155576705933, "_step": 15, "_wandb": {"runtime": 11}}