{"epoch": 199, "train_loss": 0.939315140247345, "lr": 2.467198171342e-07, "epoch_time": 0.5896742343902588, "_timestamp": 1760142058.1932006, "_runtime": 107.73192167282104, "_step": 199, "val_loss": 0, "val_acc": 4.722891807556152, "_wandb": {"runtime": 104}}